{
  "model": "SVM",
  "accuracy": 0.9736842105263158,
  "precision": 0.975609756097561,
  "recall": 0.9523809523809523,
  "f1": 0.963855421686747,
  "roc_auc": 0.9953703703703705,
  "sensitivity": 0.9523809523809523,
  "specificity": 0.9861111111111112
}